unique_id,moe_abs_error,moe_error,moe_n_forecasts,moe_bias,moe_mape,moe_fq,ets_abs_error,ets_error,ets_n_forecasts,ets_bias,ets_mape,ets_fq,better_by_fq
FOODS_1_108_CA_3,32.31862771511078,-16.13093602657318,13,-1.2408412328133216,2.4860482857777524,3.726889518591074,25.80747563333836,-15.099798780271012,13,-1.1615229830977702,1.98519043333372,3.1467134164314903,ets
FOODS_2_019_CA_3,30.48094654083252,-20.22908592224121,13,-0.23522192932838618,0.35442961093991304,0.5896515402682992,26.558818425941805,4.951115593984289,13,0.05757111155795685,0.3088234700690908,0.36639458162704763,ets
FOODS_2_197_CA_3,50.413185596466064,-12.440484523773192,13,-0.11207643715110983,0.454172843211406,0.5662492803625159,61.67388260574802,-49.37396890381108,13,-0.44481053066496473,0.5556205640157479,1.0004310946807127,moe
FOODS_2_285_CA_3,34.48814272880554,-13.543338060379028,13,-0.3660361637940278,0.932111965643393,1.2981481294374209,25.282674774320952,-12.897504517916191,13,-0.3485812031869241,0.6833155344411068,1.0318967376280308,ets
FOODS_2_315_CA_3,28.360358953475952,1.3698084354400635,13,0.021742991038731167,0.45016442783295163,0.4719074188716828,31.710371409158423,-4.877366144641512,13,-0.07741851023240495,0.5033392287168004,0.5807577389492053,moe
FOODS_3_026_CA_3,19.252842903137207,0.8259031772613525,13,0.04346858827691329,1.0133075212177478,1.056776109494661,18.977183587463074,1.4950467034888524,13,0.07868666860467644,0.998799136182267,1.0774858047869436,moe
FOODS_3_076_CA_3,39.33087968826294,0.8198285102844238,13,0.011230527538142791,0.538779173811821,0.5500097013499639,32.37184763503795,-3.579054539158924,13,-0.049028144372040054,0.4434499676032596,0.49247811197529967,ets
FOODS_3_133_CA_3,64.5962929725647,-27.00629472732544,13,-0.3104171807738556,0.7424861261214333,1.0529033068952889,50.361845198482,14.769306443956726,13,0.16976214303398535,0.5788717838905977,0.748633926924583,ets
FOODS_3_135_CA_3,66.16926002502441,58.24983787536621,13,0.2971930503845215,0.337598265433798,0.6347913158183195,46.18768574266234,24.612070598247755,13,0.12557178876657019,0.23565145787072622,0.36122324663729644,ets
FOODS_3_144_CA_3,25.72478151321411,7.911281585693359,13,0.1364014066498855,0.44353071574507086,0.5799321223949564,26.201291409521122,1.4718620654951766,13,0.025376932163709943,0.4517464036124331,0.4771233357761431,ets
FOODS_3_265_CA_3,31.18415594100952,23.68373966217041,13,0.4385877715216743,0.5774843692779541,1.0160721407996283,27.317317640029426,6.218970486739217,13,0.1151661201248003,0.5058762525931375,0.6210423727179378,ets
FOODS_3_310_CA_3,14.622308135032654,-0.3894017934799201,13,-0.016930512759996526,0.6357525276101154,0.6526830403701119,17.985165767405,-2.599433910509471,13,-0.11301886567432481,0.7819637290176087,0.8949825946919335,moe
FOODS_3_324_CA_3,91.04784321784973,77.30082321166992,13,0.5642395854866418,0.664582797210582,1.2288223826972238,74.74785044929602,56.05204883538417,13,0.40913904259404504,0.5456047478050805,0.9547437903991256,ets
FOODS_3_407_CA_3,27.507731914520264,14.201670169830322,13,0.28403340339660643,0.5501546382904052,0.8341880416870117,23.369783460849877,5.282919389891205,13,0.1056583877978241,0.46739566921699754,0.5730540570148217,ets
FOODS_3_455_CA_3,40.28117370605469,31.182201385498047,13,0.22595798105433368,0.2918925630873528,0.5178505441416865,26.419787358357198,16.56260435403827,13,0.1200188721307121,0.19144773448084926,0.31146660661156134,ets
FOODS_3_519_CA_3,17.224138259887695,-10.650064945220947,13,-0.35500216484069824,0.5741379419962566,0.9291401068369548,23.909212060049672,-19.124439559581113,13,-0.6374813186527037,0.796973735334989,1.4344550539876928,moe
FOODS_3_524_CA_3,42.23819899559021,-42.23819899559021,13,,,,5.797253704079893,-5.797253704079893,13,,,,tie
FOODS_3_570_CA_3,34.220773696899414,8.213346481323242,13,0.07080471104589002,0.295006669800857,0.365811380846747,30.38465768690904,9.935479197950453,13,0.08565068274095218,0.2619367041974917,0.3475873869384439,ets
FOODS_3_578_CA_3,46.73332762718201,28.385138273239136,13,0.3379183127766564,0.5563491384188334,0.8942674511954898,39.837449711685636,7.527296319089703,13,0.0896106704653536,0.4742553537105433,0.5638660241758969,ets
FOODS_3_583_CA_3,33.76423096656799,13.006365537643433,13,0.23225652745791844,0.6029326958315713,0.8351892232894897,30.474644373254637,1.3017090536504958,13,0.02324480452947314,0.5441900780938328,0.567434882623306,ets
FOODS_3_586_CA_3,162.82730865478516,41.367225646972656,13,0.046220363851366096,0.18192995380422922,0.22815031765559532,120.85405186041876,75.46291477362497,13,0.0843161058923184,0.13503246017923884,0.21934856607155723,ets
FOODS_3_587_CA_3,86.5581226348877,-70.78721809387207,13,-0.1971788804843233,0.2411089766988515,0.4382878571831748,88.96459682658005,-79.58401754756896,13,-0.22168250013250407,0.2478122474277996,0.4694947475603036,moe
FOODS_3_594_CA_3,9.574097096920013,-3.7955328822135925,13,,,,3.1746372140642265,-3.1746372140642265,13,,,,tie
FOODS_3_628_CA_3,34.45994186401367,-3.417544841766358,13,-0.06328786744011773,0.6381470715558087,0.7014349389959265,30.640643907708405,-10.645557994030462,13,-0.19713996285241595,0.5674193316242298,0.7645592944766457,moe
FOODS_3_648_CA_3,18.62494969367981,6.3703932762146,13,0.24501512600825384,0.716344218987685,0.9613593449959388,18.706945160126622,0.5602218918872761,13,0.021546995841818312,0.7194978907741009,0.7410448866159192,ets
FOODS_3_661_CA_3,28.890538692474365,4.508612155914307,13,0.047459075325413755,0.3041109336049933,0.3515700089304071,28.878635530027836,5.189887111971595,13,0.054630390652332585,0.30398563715818777,0.3586160278105204,moe
FOODS_3_694_CA_3,47.74913692474365,-0.9737081527709961,13,-0.00459296298476885,0.22523177794690402,0.22982474093167288,51.47450103569357,-23.464629796546735,13,-0.11068221602144686,0.2428042501683659,0.3534864661898128,moe
FOODS_3_805_CA_3,17.336527287960052,-1.4927921891212463,13,-0.0932995118200779,1.0835329554975033,1.1768324673175812,15.191456523678742,-3.354302567050345,13,-0.20964391044064656,0.9494660327299214,1.1591099431705678,ets
FOODS_3_809_CA_3,27.972114086151123,-12.007328510284424,13,-0.37522901594638824,0.8741285651922226,1.2493575811386108,24.577557126606933,-14.24983146583326,13,-0.4453072333072894,0.7680486602064667,1.213355893513756,ets
HOBBIES_1_043_CA_3,56.09074378013611,21.936943292617798,13,0.32741706406892235,0.8371752803005389,1.1645923443694612,61.01373572907115,16.147976033849655,13,0.24101456766939786,0.9106527720756888,1.1516673397450867,ets
HOBBIES_1_055_CA_3,14.803095936775208,-3.7160650491714478,13,-0.1486426019668579,0.5921238374710083,0.7407664394378661,15.0332214579227,0.4437610506804732,13,0.01775044202721893,0.601328858316908,0.619079300344127,ets
HOBBIES_1_228_CA_3,24.816506385803223,-22.203781843185425,13,-3.700630307197571,4.13608439763387,7.836714704831441,29.502758723224936,-29.480644369700148,13,-4.913440728283358,4.917126453870822,9.83056718215418,moe
HOBBIES_1_254_CA_3,85.20892667770386,-22.763747692108154,13,-0.1979456321052883,0.7409471885017727,0.9388928206070609,107.06767547400338,-63.05805831696671,13,-0.548330941886667,0.9310232649913337,1.4793542068780008,moe
HOUSEHOLD_1_038_CA_3,20.646530270576477,-5.696128487586975,13,-0.25891493125395343,0.9384786486625671,1.1973935799165205,16.044677835227567,-5.9511395823829805,13,-0.2705063446537718,0.7293035379648894,0.9998098826186612,ets
HOUSEHOLD_1_109_CA_3,19.4208025932312,-7.583152770996094,13,-0.25277175903320315,0.64736008644104,0.9001318454742432,15.878819273675203,-4.903893358329872,13,-0.16346311194432905,0.5292939757891735,0.6927570877335025,ets
HOUSEHOLD_1_153_CA_3,17.689891815185547,4.299788475036621,13,0.15356387410845077,0.6317818505423409,0.7853457246507917,12.421169400365223,1.6953432850205237,13,0.0605479744650187,0.4436131928701865,0.5041611673352052,ets
HOUSEHOLD_1_226_CA_3,8.814825136214495,4.978207748383284,13,0.7111725354833263,1.2592607337449278,1.970433269228254,7.825780816511299,5.11355048560967,13,0.7305072122299529,1.1179686880730428,1.8484759003029958,ets
HOUSEHOLD_1_236_CA_3,26.45816421508789,1.16609525680542,13,0.017148459658903235,0.3890906502218807,0.40623910988078393,27.045164704105584,-2.270545966702527,13,-0.03339038186327246,0.39772301035449387,0.43111339221776634,moe
HOUSEHOLD_1_282_CA_3,20.510698437690735,-3.6084500551223755,13,-0.15035208563009897,0.8546124349037806,1.0049645205338795,18.2253571690308,-7.450696065173721,13,-0.3104456693822384,0.75938988204295,1.0698355514251885,moe
HOUSEHOLD_1_285_CA_3,22.29479706287384,-5.143970847129822,13,-0.20575883388519287,0.8917918825149536,1.0975507164001463,19.275864878657426,-8.326225040257025,13,-0.333049001610281,0.771034595146297,1.104083596756578,moe
HOUSEHOLD_1_287_CA_3,19.52755916118622,-3.9392338991165157,13,-0.10942316386434765,0.5424321989218394,0.651855362786187,18.067320825586066,10.5309317276154,13,0.29252588132265,0.5018700229329462,0.7943959042555963,moe
HOUSEHOLD_1_347_CA_3,33.921842098236084,-29.00835371017456,13,-1.1157059119297907,1.3046862345475416,2.420392146477332,25.715882331099337,-11.336547154184805,13,-0.4360210443917233,0.9890723973499745,1.4250934417416978,ets
HOUSEHOLD_1_440_CA_3,27.67686176300049,15.95885181427002,13,0.3069009964282696,0.5322473415961633,0.8391483380244329,16.412700625792215,3.7220799961458284,13,0.07157846146434285,0.3156288581883118,0.38720731965265465,ets
HOUSEHOLD_1_455_CA_3,20.64458739757538,-4.650488257408142,13,-0.14092388658812552,0.6255935575022842,0.7665174440904097,17.061699303625435,-6.428552834560506,13,-0.19480463135031836,0.5170211910189526,0.7118258223692709,ets
HOUSEHOLD_1_494_CA_3,81.2783145904541,-17.472852706909183,13,-0.1275390708533517,0.5932723692733876,0.7208114401267393,101.67523460824785,-75.99256312433181,13,-0.5546902417834438,0.7421549971404953,1.296845238923939,moe
HOUSEHOLD_1_516_CA_3,23.799689531326294,9.712917566299438,13,0.18326259559055544,0.449050745874081,0.6323133414646365,23.128292463652663,-1.666277934632725,13,-0.031439206313825,0.43638287667269177,0.4678220829865168,ets
HOUSEHOLD_2_312_CA_3,17.245537042617798,2.894458293914795,13,0.13783134732927596,0.8212160496484666,0.9590473969777426,11.084408357075866,-0.1533651772083966,13,-0.007303103676590314,0.527828969384565,0.5351320730611553,ets
HOUSEHOLD_2_350_CA_3,22.527109265327454,-10.916763663291931,13,-0.606486870182885,1.2515060702959697,1.8579929404788547,19.687898854320068,-12.424008160404243,13,-0.6902226755780135,1.093772158573337,1.7839948341513505,ets
HOUSEHOLD_2_483_CA_3,26.424426078796387,18.600663900375366,13,0.41334808667500816,0.5872094684176975,1.0005575550927057,26.80149897728854,12.72924477706918,13,0.2828721061570929,0.5955888661619675,0.8784609723190604,ets
